{"akunLvl":1,"akunExp":0,"akunStamina":6,"akunStaminaMax":10,"akunMoney":0,"OwnedHeroes":[{"BaseHP":200.0,"GrowthRateHP":150.0,"BaseAttackModifier":0.05000000074505806,"ConstantAttack":0.4000000059604645,"DeffenceModifier":0.4000000059604645,"HealModifier":0.05999999865889549,"unitName":"Prajurit Tombak","unitLevel":2,"unitexp":28.0,"deffense":17.5,"damage":43.75,"maxHP":350.0,"Heal":21.0,"Unlock":true},{"BaseHP":200.0,"GrowthRateHP":150.0,"BaseAttackModifier":0.05000000074505806,"ConstantAttack":0.4000000059604645,"DeffenceModifier":0.4000000059604645,"HealModifier":0.05999999865889549,"unitName":"Prajurit Pemanah","unitLevel":1,"unitexp":0.0,"deffense":10.0,"damage":25.0,"maxHP":200.0,"Heal":12.0,"Unlock":true}],"teamHeroes":["Prajurit Tombak","Prajurit Pemanah"]}