{"akunLvl":1,"akunExp":0,"akunStamina":86,"akunMoney":0,"OwnedHeroes":[{"BaseHP":110.0,"GrowthRateHP":50.0,"BaseAttackModifier":0.05000000074505806,"ConstantAttack":0.4000000059604645,"DeffenceModifier":0.4000000059604645,"HealModifier":0.05999999865889549,"unitName":"Prajurit Pemanah ","unitLevel":1,"unitexp":0.0,"deffense":5.5,"damage":13.75,"maxHP":110.0,"Heal":6.599999904632568},{"BaseHP":110.0,"GrowthRateHP":50.0,"BaseAttackModifier":0.05000000074505806,"ConstantAttack":0.4000000059604645,"DeffenceModifier":0.4000000059604645,"HealModifier":0.05999999865889549,"unitName":"Prajurit Tombak ","unitLevel":1,"unitexp":0.0,"deffense":5.5,"damage":13.75,"maxHP":110.0,"Heal":6.599999904632568}],"teamHeroes":["Prajurit Tombak ","Jaka Tingkir "]}