{"akunLvl":1,"akunExp":0,"akunStamina":241,"akunMoney":0,"OwnedHeroes":[{"BaseHP":110.0,"GrowthRateHP":50.0,"BaseAttackModifier":0.05000000074505806,"ConstantAttack":0.4000000059604645,"DeffenceModifier":0.4000000059604645,"HealModifier":0.05999999865889549,"unitName":"Prajurit Pemanah ","unitLevel":4,"unitexp":88.0,"deffense":13.0,"damage":32.5,"maxHP":260.0,"Heal":15.59999942779541},{"BaseHP":110.0,"GrowthRateHP":50.0,"BaseAttackModifier":0.05000000074505806,"ConstantAttack":0.4000000059604645,"DeffenceModifier":0.4000000059604645,"HealModifier":0.05999999865889549,"unitName":"Prajurit Tombak ","unitLevel":4,"unitexp":88.0,"deffense":13.0,"damage":32.5,"maxHP":260.0,"Heal":15.59999942779541}],"teamHeroes":["Prajurit Pemanah ","Prajurit Tombak "]}